Timestamp,User Count,Type,Name,Requests/s,Failures/s,50%,66%,75%,80%,90%,95%,98%,99%,99.9%,99.99%,100%,Total Request Count,Total Failure Count,Total Median Response Time,Total Average Response Time,Total Min Response Time,Total Max Response Time,Total Average Content Size
1778057313,0,,Aggregated,0.000000,0.000000,N/A,N/A,N/A,N/A,N/A,N/A,N/A,N/A,N/A,N/A,N/A,0,0,0,0.0,0,0,0
1778057314,30,,Aggregated,0.000000,0.000000,48,48,49,49,52,600,600,600,600,600,600,17,0,48,76.97987059295616,34.45119992829859,598.6562999896705,21.352941176470587
1778057315,90,,Aggregated,0.000000,0.000000,48,49,52,600,1800,1900,1900,1900,1900,1900,1900,21,0,48,387.3497523821979,34.45119992829859,1913.6131999548525,29.0
1778057316,120,,Aggregated,0.000000,0.000000,1200,1600,1600,1600,2100,2100,2100,2600,2600,2600,2600,94,12,660.0,1106.8872638316725,34.45119992829859,2616.817199974321,17.872340425531913
1778057317,150,,Aggregated,0.000000,0.000000,1200,1600,1600,1600,2100,2100,2100,2600,2600,2600,2600,94,12,660.0,1106.8872638316725,34.45119992829859,2616.817199974321,17.872340425531913
1778057318,180,,Aggregated,31.333333,4.000000,1600,1600,1800,2000,2100,2100,2100,2100,2600,2600,2600,105,23,1600.0,1204.102085718131,34.45119992829859,2616.817199974321,16.0
1778057319,200,,Aggregated,23.500000,3.000000,1800,2000,2000,2100,2100,2100,2100,3100,3900,3900,3900,156,72,1600.0,1496.8516448757443,34.45119992829859,3885.6044999556616,12.14102564102564
1778057320,200,,Aggregated,18.800000,2.400000,2000,2000,2000,2100,2100,2100,2600,3900,4500,4500,4500,163,78,2000.0,1536.4345202495292,34.45119992829859,4548.642300069332,12.276073619631902
1778057321,200,,Aggregated,20.833333,7.000000,2000,2000,2100,2100,2100,2100,3100,4500,6000,6000,6000,196,110,2000.0,1646.220538268645,34.45119992829859,6000.220700050704,10.75
1778057322,200,,Aggregated,20.833333,7.000000,2000,2000,2100,2100,2100,2100,3100,4500,6000,6000,6000,196,110,2000.0,1646.220538268645,34.45119992829859,6000.220700050704,10.75
1778057323,200,,Aggregated,23.375000,12.750000,2000,2100,2100,2100,2100,4100,4100,6000,7900,7900,7900,210,122,2000.0,1841.4942785742737,34.45119992829859,7857.012899941765,11.047619047619047
1778057324,200,,Aggregated,23.375000,12.750000,2000,2100,2100,2100,2100,4100,4100,6000,7900,7900,7900,210,122,2000.0,1841.4942785742737,34.45119992829859,7857.012899941765,11.047619047619047
1778057325,200,,Aggregated,21.777778,12.222222,2000,2100,2100,2100,2100,4100,4500,7200,10000,10000,10000,211,122,2000.0,1880.3203734624424,34.45119992829859,10033.800299977884,11.502369668246445
1778057326,200,,Aggregated,19.300000,12.200000,2000,2100,2100,2100,2100,4100,6000,7900,11000,11000,11000,212,122,2000.0,1923.3403353795918,34.45119992829859,11000.552299898118,11.952830188679245
1778057327,200,,Aggregated,19.100000,12.200000,2000,2100,2100,2100,4100,7200,12000,12000,14000,14000,14000,219,122,2000.0,2253.9569137008757,34.45119992829859,13966.56690002419,15.068493150684931
1778057328,200,,Aggregated,11.700000,11.000000,2000,2100,2100,2100,4100,7900,12000,14000,15000,15000,15000,221,122,2000.0,2367.5885316763047,34.45119992829859,15079.880899982527,15.900452488687783
1778057329,200,,Aggregated,11.700000,11.000000,2000,2100,2100,2100,4100,7900,12000,14000,15000,15000,15000,221,122,2000.0,2367.5885316763047,34.45119992829859,15079.880899982527,15.900452488687783
1778057330,200,,Aggregated,11.800000,11.000000,2000,2100,2100,2100,4100,10000,12000,15000,16000,16000,16000,222,122,2000.0,2430.9172927945233,34.45119992829859,16426.573499920778,16.31081081081081
1778057331,200,,Aggregated,9.600000,8.000000,2000,2100,2100,2100,4100,11000,14000,15000,18000,18000,18000,223,122,2000.0,2501.152044396029,34.45119992829859,18093.266899930313,16.713004484304932
1778057332,200,,Aggregated,9.600000,8.000000,2000,2100,2100,2100,4100,11000,14000,15000,18000,18000,18000,223,122,2000.0,2501.152044396029,34.45119992829859,18093.266899930313,16.713004484304932
1778057333,200,,Aggregated,6.500000,5.000000,2000,2100,2100,2100,4100,12000,15000,16000,19000,19000,19000,224,122,2000.0,2576.8734656267043,34.45119992829859,19462.750400067307,17.116071428571427
1778057334,200,,Aggregated,3.500000,2.000000,2000,2100,2100,2100,4100,12000,18000,19000,20000,20000,20000,227,122,2000.0,2800.4530894283885,34.45119992829859,20358.450199943036,18.33920704845815
1778057335,200,,Aggregated,2.700000,1.200000,2000,2100,2100,2100,4100,12000,18000,19000,20000,20000,20000,228,122,2000.0,2871.626388159041,34.45119992829859,20358.450199943036,18.723684210526315
1778057336,200,,Aggregated,1.700000,0.000000,2000,2100,2100,2100,4500,12000,19000,20000,20000,20000,20000,229,122,2000.0,2947.7441641934192,34.45119992829859,20358.450199943036,19.109170305676855
1778057337,200,,Aggregated,1.700000,0.000000,2000,2100,2100,2100,4500,12000,19000,20000,20000,20000,20000,229,122,2000.0,2947.7441641934192,34.45119992829859,20358.450199943036,19.109170305676855
1778057338,200,,Aggregated,1.700000,0.000000,2000,2100,2100,2100,6000,14000,19000,20000,22000,22000,22000,230,122,2000.0,3029.3275313052027,34.45119992829859,21711.918599903584,19.491304347826087
1778057339,200,,Aggregated,1.700000,0.000000,2000,2100,2100,2100,6000,15000,20000,20000,23000,23000,23000,231,122,2000.0,3116.331703896892,34.45119992829859,23127.291399985552,19.87012987012987
1778057340,200,,Aggregated,1.700000,0.000000,2000,2100,2100,2100,6000,15000,20000,20000,23000,23000,23000,231,122,2000.0,3116.331703896892,34.45119992829859,23127.291399985552,19.87012987012987
1778057341,200,,Aggregated,1.000000,0.000000,2000,2100,2100,2100,7200,15000,20000,22000,25000,25000,25000,232,122,2000.0,3209.2815469835027,34.45119992829859,24680.695299990475,20.245689655172413
1778057342,200,,Aggregated,1.000000,0.000000,2000,2100,2100,2100,7900,16000,20000,23000,26000,26000,26000,233,122,2000.0,3307.9952339061174,34.45119992829859,26209.570599952713,20.61802575107296
1778057343,200,,Aggregated,1.000000,0.000000,2000,2100,2100,2100,7900,16000,20000,23000,26000,26000,26000,233,122,2000.0,3307.9952339061174,34.45119992829859,26209.570599952713,20.61802575107296
1778057344,200,,Aggregated,1.000000,0.000000,2000,2100,2100,2100,10000,18000,22000,25000,28000,28000,28000,234,122,2000.0,3411.9466329068064,34.45119992829859,27632.622600067407,20.987179487179485
1778057345,200,,Aggregated,0.900000,0.000000,2000,2100,2100,2100,11000,18000,23000,26000,29000,29000,29000,235,122,2000.0,3522.640488511744,34.45119992829859,29425.002700067125,21.353191489361702
1778057346,200,,Aggregated,0.900000,0.000000,2000,2100,2100,2100,11000,18000,23000,26000,29000,29000,29000,235,122,2000.0,3522.640488511744,34.45119992829859,29425.002700067125,21.353191489361702
1778057347,200,,Aggregated,0.700000,0.000000,2000,2100,2100,2100,12000,19000,25000,28000,31000,31000,31000,236,122,2000.0,3638.5213470350855,34.45119992829859,30870.523100020364,21.71186440677966
1778057348,200,,Aggregated,0.600000,0.000000,2000,2100,2100,2100,12000,19000,26000,29000,32000,32000,32000,237,122,2000.0,3759.199536288106,34.45119992829859,32239.25220000092,22.071729957805907
1778057349,200,,Aggregated,0.600000,0.000000,2000,2100,2100,2100,12000,19000,26000,29000,32000,32000,32000,237,122,2000.0,3759.199536288106,34.45119992829859,32239.25220000092,22.071729957805907
1778057350,200,,Aggregated,0.700000,0.000000,2000,2100,2100,2100,12000,20000,28000,31000,34000,34000,34000,238,122,2000.0,3885.0907357155243,34.45119992829859,33721.30500001367,22.428571428571427
1778057351,200,,Aggregated,0.700000,0.000000,2000,2100,2100,2600,12000,20000,29000,32000,35000,35000,35000,239,122,2000.0,4016.2215569050727,34.45119992829859,35225.35700001754,22.782426778242677
1778057352,200,,Aggregated,0.700000,0.000000,2000,2100,2100,2600,12000,20000,29000,32000,35000,35000,35000,239,122,2000.0,4016.2215569050727,34.45119992829859,35225.35700001754,22.782426778242677
1778057353,200,,Aggregated,0.700000,0.000000,2000,2100,2100,3100,12000,20000,31000,34000,37000,37000,37000,240,122,2000.0,4152.834806251242,34.45119992829859,36803.40139998589,23.129166666666666
1778057354,200,,Aggregated,0.700000,0.000000,2000,2100,2100,3100,12000,20000,32000,35000,38000,38000,38000,241,122,2000.0,4294.337376349807,34.45119992829859,38254.95420000516,23.477178423236513
1778057355,200,,Aggregated,0.700000,0.000000,2000,2100,2100,3900,12000,22000,34000,37000,39000,39000,39000,242,122,2000.0,4439.6617842991145,34.45119992829859,39462.84410008229,23.818181818181817
1778057356,200,,Aggregated,0.700000,0.000000,2000,2100,2100,3900,12000,22000,34000,37000,39000,39000,39000,242,122,2000.0,4439.6617842991145,34.45119992829859,39462.84410008229,23.818181818181817
1778057357,200,,Aggregated,0.700000,0.000000,2000,2100,2100,4100,14000,23000,35000,38000,41000,41000,41000,243,122,2000.0,4590.439859260767,34.45119992829859,41078.73399998061,24.160493827160494
1778057358,200,,Aggregated,0.700000,0.000000,2000,2100,2100,4100,15000,25000,37000,39000,42000,42000,42000,244,122,2000.0,4745.523364345646,34.45119992829859,42430.81509997137,24.5
1778057359,200,,Aggregated,0.700000,0.000000,2000,2100,2100,4100,15000,25000,37000,39000,42000,42000,42000,244,122,2000.0,4745.523364345646,34.45119992829859,42430.81509997137,24.5
1778057360,200,,Aggregated,0.700000,0.000000,2000,2100,2100,4100,15000,26000,38000,41000,44000,44000,44000,245,122,2000.0,4904.747498368996,34.45119992829859,43755.43620006647,24.836734693877553
1778057361,200,,Aggregated,0.600000,0.000000,2000,2100,2100,4100,16000,28000,39000,42000,45000,45000,45000,246,122,2000.0,5068.269135774022,34.45119992829859,45131.070300005376,25.170731707317074
1778057362,200,,Aggregated,0.600000,0.000000,2000,2100,2100,4100,16000,28000,39000,42000,45000,45000,45000,246,122,2000.0,5068.269135774022,34.45119992829859,45131.070300005376,25.170731707317074
1778057363,200,,Aggregated,0.700000,0.000000,2000,2100,2100,4100,18000,29000,41000,44000,47000,47000,47000,247,122,2000.0,5237.200048584811,34.45119992829859,46794.20460003894,25.497975708502025
1778057364,200,,Aggregated,0.700000,0.000000,2000,2100,2100,4100,18000,31000,42000,45000,48000,48000,48000,248,122,2000.0,5411.394127421157,34.45119992829859,48437.33159999829,25.826612903225808
1778057365,200,,Aggregated,0.700000,0.000000,2000,2100,2100,4100,18000,31000,42000,45000,48000,48000,48000,248,122,2000.0,5411.394127421157,34.45119992829859,48437.33159999829,25.826612903225808
1778057366,200,,Aggregated,0.600000,0.000000,2000,2100,2100,4100,19000,32000,44000,47000,50000,50000,50000,249,122,2000.0,5591.808123295252,34.45119992829859,50334.479100070894,26.152610441767067
1778057367,200,,Aggregated,0.600000,0.000000,2000,2100,2100,4100,19000,32000,44000,47000,50000,50000,50000,249,122,2000.0,5591.808123295252,34.45119992829859,50334.479100070894,26.152610441767067
1778057368,200,,Aggregated,0.700000,0.000000,2000,2100,2100,4100,19000,34000,45000,48000,52000,52000,52000,250,122,2000.0,5776.557594801765,34.45119992829859,51779.17599992361,26.476
1778057369,200,,Aggregated,0.600000,0.000000,2000,2100,2100,4100,19000,35000,45000,50000,53000,53000,53000,251,122,2000.0,5964.455120719086,34.45119992829859,52938.8366000494,26.796812749003983
1778057370,200,,Aggregated,0.600000,0.000000,2000,2100,2100,4100,20000,37000,47000,51000,53000,53000,53000,252,122,2000.0,6142.587465478018,34.45119992829859,52938.8366000494,27.115079365079364
1778057371,200,,Aggregated,0.700000,0.000000,2000,2100,2100,4100,20000,38000,48000,51000,53000,53000,53000,253,122,2000.0,6316.151446246877,34.45119992829859,52938.8366000494,27.43083003952569
1778057372,200,,Aggregated,0.700000,0.000000,2000,2100,2100,4100,20000,38000,48000,51000,53000,53000,53000,253,122,2000.0,6316.151446246877,34.45119992829859,52938.8366000494,27.43083003952569
1778057373,200,,Aggregated,0.600000,0.000000,2000,2100,2600,4100,22000,41000,50000,52000,58000,58000,58000,255,122,2000.0,6686.112683923349,34.45119992829859,57890.70200000424,28.066666666666666
1778057374,200,,Aggregated,0.600000,0.000000,2000,2100,2600,4100,22000,41000,50000,52000,58000,58000,58000,255,122,2000.0,6686.112683923349,34.45119992829859,57890.70200000424,28.066666666666666
1778057375,200,,Aggregated,0.700000,0.000000,2000,2100,3100,4100,23000,42000,50000,53000,58000,58000,58000,256,122,2000.0,6876.372325392367,34.45119992829859,57890.70200000424,28.37109375
1778057376,200,,Aggregated,0.700000,0.000000,2000,2100,3100,4100,25000,44000,51000,55000,58000,58000,58000,257,122,2000.0,7070.120394554221,34.45119992829859,57890.70200000424,28.67704280155642
1778057377,200,,Aggregated,0.700000,0.000000,2000,2100,3100,4100,25000,44000,51000,55000,58000,58000,58000,257,122,2000.0,7070.120394554221,34.45119992829859,57890.70200000424,28.67704280155642
1778057378,200,,Aggregated,0.800000,0.000000,2000,2100,3900,4500,26000,45000,52000,57000,59000,59000,59000,258,122,2000.0,7269.80368604806,34.45119992829859,58588.40959996451,28.98062015503876
1778057379,200,,Aggregated,0.800000,0.000000,2000,2100,4100,6000,28000,47000,53000,58000,60000,60000,60000,259,122,2000.0,7473.769835136654,34.45119992829859,60097.036299994215,29.28185328185328
1778057380,200,,Aggregated,0.800000,0.000000,2000,2100,4100,6000,28000,47000,53000,58000,60000,60000,60000,259,122,2000.0,7473.769835136654,34.45119992829859,60097.036299994215,29.28185328185328
1778057381,200,,Aggregated,0.700000,0.000000,2000,2100,4100,7200,29000,48000,55000,59000,62000,62000,62000,260,122,2000.0,7684.4405965400465,34.45119992829859,62248.167800018564,29.576923076923077
1778057382,200,,Aggregated,0.700000,0.000000,2000,2100,4100,7200,29000,48000,55000,59000,62000,62000,62000,260,122,2000.0,7684.4405965400465,34.45119992829859,62248.167800018564,29.576923076923077
1778057383,200,,Aggregated,0.700000,0.000000,2000,2100,4100,7200,29000,48000,57000,60000,64000,64000,64000,261,122,2000.0,7898.891720308394,34.45119992829859,63656.18390007876,29.869731800766285
1778057384,200,,Aggregated,0.700000,0.000000,2000,2100,4100,7900,31000,49000,58000,62000,65000,65000,65000,262,122,2000.0,8116.814800383495,34.45119992829859,64994.73869998474,30.15648854961832
1778057385,200,,Aggregated,0.700000,0.000000,2000,2100,4100,10000,32000,50000,59000,64000,66000,66000,66000,263,122,2000.0,8338.113577948783,34.45119992829859,66318.3933000546,30.44866920152091
1778057386,200,,Aggregated,0.700000,0.000000,2000,2100,4100,10000,32000,50000,59000,64000,66000,66000,66000,263,122,2000.0,8338.113577948783,34.45119992829859,66318.3933000546,30.44866920152091
1778057387,200,,Aggregated,0.600000,0.000000,2100,2100,4100,11000,34000,50000,60000,65000,68000,68000,68000,264,122,2000.0,8563.771890910699,34.45119992829859,67911.90819989424,30.734848484848484
1778057388,200,,Aggregated,0.600000,0.000000,2100,2100,4100,12000,35000,51000,62000,66000,69000,69000,69000,265,122,2100.0,8793.223930567608,34.45119992829859,69368.56239999179,31.0188679245283
1778057389,200,,Aggregated,0.600000,0.000000,2100,2100,4100,12000,35000,51000,62000,66000,69000,69000,69000,265,122,2100.0,8793.223930567608,34.45119992829859,69368.56239999179,31.0188679245283
1778057390,200,,Aggregated,0.600000,0.000000,2100,2100,4100,12000,37000,52000,64000,68000,71000,71000,71000,266,122,2100.0,9025.636632707936,34.45119992829859,70615.00269989483,31.304511278195488
1778057391,200,,Aggregated,0.700000,0.000000,2100,2100,4100,12000,38000,53000,65000,69000,72000,72000,72000,267,122,2100.0,9261.338174907745,34.45119992829859,71957.94840005692,31.588014981273407
1778057392,200,,Aggregated,0.700000,0.000000,2100,2100,4100,12000,39000,55000,66000,71000,72000,72000,72000,268,122,2100.0,9496.805601493532,34.45119992829859,72366.60849989858,31.869402985074625
1778057393,200,,Aggregated,0.700000,0.000000,2100,2100,4100,12000,39000,55000,66000,71000,72000,72000,72000,268,122,2100.0,9496.805601493532,34.45119992829859,72366.60849989858,31.869402985074625
1778057394,200,,Aggregated,0.700000,0.000000,2100,2100,4100,12000,41000,57000,68000,72000,74000,74000,74000,269,122,2100.0,9735.662740892834,34.45119992829859,73749.37609990593,32.14869888475837
1778057395,200,,Aggregated,0.700000,0.000000,2100,2100,4100,12000,42000,58000,69000,72000,75000,75000,75000,270,122,2100.0,9977.763631111615,34.45119992829859,75102.90309996344,32.422222222222224
1778057396,200,,Aggregated,0.800000,0.000000,2100,2100,4100,12000,42000,59000,71000,74000,76000,76000,76000,271,122,2100.0,10221.251762731128,34.45119992829859,75963.04729999974,32.69741697416974
1778057397,200,,Aggregated,0.700000,0.000000,2100,2100,4100,12000,44000,60000,72000,75000,77000,77000,77000,272,122,2100.0,10468.035955514899,34.45119992829859,77346.55219991691,32.970588235294116
1778057398,200,,Aggregated,0.700000,0.000000,2100,2100,4100,12000,44000,60000,72000,75000,77000,77000,77000,272,122,2100.0,10468.035955514899,34.45119992829859,77346.55219991691,32.970588235294116
1778057399,200,,Aggregated,0.800000,0.000000,2100,2100,4100,14000,45000,62000,72000,76000,79000,79000,79000,273,122,2100.0,10719.742661904913,34.45119992829859,79183.96679998841,33.24175824175824
1778057400,200,,Aggregated,0.800000,0.000000,2100,2100,4100,14000,45000,62000,72000,76000,79000,79000,79000,273,122,2100.0,10719.742661904913,34.45119992829859,79183.96679998841,33.24175824175824
1778057401,200,,Aggregated,0.800000,0.000000,2100,2100,4100,15000,47000,64000,74000,77000,81000,81000,81000,274,122,2100.0,10974.783072627939,34.45119992829859,80600.81520001404,33.51094890510949
1778057402,200,,Aggregated,0.700000,0.000000,2100,2100,4500,15000,48000,65000,75000,79000,82000,82000,82000,275,122,2100.0,11233.031487636354,34.45119992829859,81993.09719994199,33.77818181818182
1778057403,200,,Aggregated,0.800000,0.000000,2100,2100,6000,15000,49000,66000,76000,81000,83000,83000,83000,276,122,2100.0,11494.3335007246,34.45119992829859,83352.38709999248,34.04347826086956
1778057404,200,,Aggregated,0.800000,0.000000,2100,2100,6000,15000,49000,66000,76000,81000,83000,83000,83000,276,122,2100.0,11494.3335007246,34.45119992829859,83352.38709999248,34.04347826086956
1778057405,200,,Aggregated,0.700000,0.000000,2100,2100,6000,16000,50000,68000,77000,82000,85000,85000,85000,277,122,2100.0,11758.410177617216,34.45119992829859,84643.57299997937,34.30324909747292
1778057406,200,,Aggregated,0.700000,0.000000,2100,2100,7200,18000,50000,69000,79000,83000,86000,86000,86000,278,122,2100.0,12025.175592445821,34.45119992829859,85919.19549996965,34.564748201438846
1778057407,200,,Aggregated,0.700000,0.000000,2100,2100,7200,18000,50000,69000,79000,83000,86000,86000,86000,278,122,2100.0,12025.175592445821,34.45119992829859,85919.19549996965,34.564748201438846
1778057408,200,,Aggregated,0.800000,0.000000,2100,2100,7900,18000,51000,71000,81000,85000,87000,87000,87000,279,122,2100.0,12293.138225089282,34.45119992829859,86786.75009997096,34.82078853046595
1778057409,200,,Aggregated,0.700000,0.000000,2100,2100,10000,19000,52000,72000,82000,86000,88000,88000,88000,280,122,2100.0,12564.34485928538,34.45119992829859,88230.99579999689,35.07857142857143
1778057410,200,,Aggregated,0.700000,0.000000,2100,2100,10000,19000,52000,72000,82000,86000,88000,88000,88000,280,122,2100.0,12564.34485928538,34.45119992829859,88230.99579999689,35.07857142857143
1778057411,200,,Aggregated,0.700000,0.000000,2100,2100,10000,19000,52000,72000,83000,87000,90000,90000,90000,281,122,2100.0,12838.79389110298,34.45119992829859,89684.52280003112,35.33451957295374
1778057412,200,,Aggregated,0.700000,0.000000,2100,2100,11000,19000,53000,72000,85000,88000,91000,91000,91000,282,122,2100.0,13115.9875460992,34.45119992829859,91007.40460003726,35.5886524822695
1778057413,200,,Aggregated,0.700000,0.000000,2100,2100,11000,19000,53000,72000,85000,88000,91000,91000,91000,282,122,2100.0,13115.9875460992,34.45119992829859,91007.40460003726,35.5886524822695
1778057414,200,,Aggregated,0.700000,0.000000,2100,2100,12000,20000,55000,74000,86000,90000,91000,91000,91000,283,122,2100.0,13389.89170317994,34.45119992829859,91007.40460003726,35.840989399293285
1778057415,200,,Aggregated,0.700000,0.000000,2100,2100,12000,20000,57000,75000,87000,91000,92000,92000,92000,284,122,2100.0,13667.164177464529,34.45119992829859,92135.27440000325,36.09154929577465
1778057416,200,,Aggregated,0.700000,0.000000,2100,2100,12000,20000,58000,76000,88000,91000,93000,93000,93000,285,122,2100.0,13946.940258947168,34.45119992829859,93403.34740001708,36.34035087719298
1778057417,200,,Aggregated,0.700000,0.000000,2100,2100,12000,20000,58000,76000,88000,91000,93000,93000,93000,285,122,2100.0,13946.940258947168,34.45119992829859,93403.34740001708,36.34035087719298
1778057418,200,,Aggregated,0.700000,0.000000,2100,2100,12000,22000,60000,79000,91000,93000,95000,95000,95000,287,122,2100.0,14511.550995470543,34.45119992829859,95303.55170008261,36.832752613240416
1778057419,200,,Aggregated,0.700000,0.000000,2100,2100,12000,25000,64000,82000,92000,95000,96000,96000,96000,289,122,2100.0,15076.669191695495,34.45119992829859,96469.7522999486,37.31833910034602
1778057420,200,,Aggregated,0.700000,0.000000,2100,2100,12000,25000,64000,82000,92000,95000,96000,96000,96000,289,122,2100.0,15076.669191695495,34.45119992829859,96469.7522999486,37.31833910034602
1778057421,200,,Aggregated,0.700000,0.000000,2100,2100,12000,25000,64000,82000,92000,95000,96000,96000,96000,289,122,2100.0,15076.669191695495,34.45119992829859,96469.7522999486,37.31833910034602
1778057422,200,,Aggregated,0.900000,0.000000,2100,2600,12000,26000,65000,83000,93000,96000,105000,105000,105000,290,122,2100.0,15385.267787930909,34.45119992829859,104570.26209996548,37.55862068965517
1778057423,200,,Aggregated,0.900000,0.000000,2100,2600,12000,26000,65000,83000,93000,96000,105000,105000,105000,290,122,2100.0,15385.267787930909,34.45119992829859,104570.26209996548,37.55862068965517
1778057424,200,,Aggregated,0.800000,0.000000,2100,3100,14000,26000,65000,85000,95000,96000,106000,106000,106000,291,122,2100.0,15697.593678007002,34.45119992829859,106272.10180007387,37.797250859106526
1778057425,200,,Aggregated,0.800000,0.000000,2100,3100,14000,26000,65000,85000,95000,96000,106000,106000,106000,291,122,2100.0,15697.593678007002,34.45119992829859,106272.10180007387,37.797250859106526
1778057426,200,,Aggregated,0.700000,0.000000,2100,3100,15000,28000,66000,86000,95000,105000,108000,108000,108000,292,122,2100.0,16014.569974657905,34.45119992829859,108254.67230007052,38.034246575342465
1778057427,200,,Aggregated,0.700000,0.000000,2100,3100,15000,28000,66000,86000,95000,105000,108000,108000,108000,292,122,2100.0,16014.569974657905,34.45119992829859,108254.67230007052,38.034246575342465
1778057428,200,,Aggregated,0.700000,0.000000,2100,3900,15000,29000,68000,87000,96000,106000,111000,111000,111000,293,122,2100.0,16337.217925256276,34.45119992829859,110550.41949998122,38.26962457337884
1778057429,200,,Aggregated,0.700000,0.000000,2100,3900,15000,29000,68000,87000,96000,106000,111000,111000,111000,293,122,2100.0,16337.217925256276,34.45119992829859,110550.41949998122,38.26962457337884
1778057430,200,,Aggregated,0.600000,0.000000,2100,4100,15000,31000,69000,88000,96000,108000,112000,112000,112000,294,122,2100.0,16663.736486054724,34.45119992829859,112333.67480000015,38.50340136054422
1778057431,200,,Aggregated,0.600000,0.000000,2100,4100,15000,31000,69000,88000,96000,108000,112000,112000,112000,294,122,2100.0,16663.736486054724,34.45119992829859,112333.67480000015,38.50340136054422
1778057432,200,,Aggregated,0.400000,0.000000,2100,4100,16000,32000,71000,90000,105000,111000,114000,114000,114000,295,122,2100.0,16993.57819898346,34.45119992829859,113967.04180003144,38.735593220338984
1778057433,200,,Aggregated,0.500000,0.000000,2100,4100,18000,32000,72000,91000,106000,112000,116000,116000,116000,296,122,2100.0,17326.47369966238,34.45119992829859,115530.64639994409,38.96621621621622
1778057434,200,,Aggregated,0.500000,0.000000,2100,4100,18000,32000,72000,91000,106000,112000,116000,116000,116000,296,122,2100.0,17326.47369966238,34.45119992829859,115530.64639994409,38.96621621621622
1778057435,200,,Aggregated,0.500000,0.000000,2100,4100,18000,34000,72000,91000,108000,114000,117000,117000,117000,297,122,2100.0,17662.42267037091,34.45119992829859,117103.3180000959,39.195286195286194
1778057436,200,,Aggregated,0.600000,0.000000,2100,4100,18000,35000,74000,92000,111000,116000,118000,118000,118000,298,122,2100.0,18000.55926644334,34.45119992829859,118427.12829995435,39.422818791946305
1778057437,200,,Aggregated,0.500000,0.000000,2100,4100,19000,37000,75000,93000,112000,117000,120000,120000,120000,299,122,2100.0,18340.562429431713,34.45119992829859,119661.50499996729,39.64882943143812
1778057438,200,,Aggregated,0.600000,0.000000,2100,4500,29000,50000,91000,118000,123000,125000,126000,126000,126000,313,122,2100.0,23053.43367508129,34.45119992829859,125508.40359996073,42.81789137380192
1778057439,200,,Aggregated,0.600000,0.000000,2100,19000,57000,79000,123000,124000,124000,125000,126000,126000,126000,341,122,2100.0,31310.770248975114,34.45119992829859,125508.40359996073,48.34604105571847
1778057440,200,,Aggregated,0.600000,0.000000,2100,19000,57000,79000,123000,124000,124000,125000,126000,126000,126000,341,122,2100.0,31310.770248975114,34.45119992829859,125508.40359996073,48.34604105571847
1778057441,200,,Aggregated,2.500000,0.000000,2100,19000,58000,81000,123000,124000,124000,125000,126000,126000,126000,342,122,2100.0,31553.410601463474,34.45119992829859,125508.40359996073,48.51754385964912
1778057442,200,,Aggregated,4.800000,0.000000,2100,23000,65000,88000,123000,124000,124000,125000,127000,127000,127000,349,122,2100.0,33338.56392693492,34.45119992829859,126775.63219994772,49.72492836676218
1778057443,200,,Aggregated,4.700000,0.000000,2100,25000,66000,90000,123000,124000,124000,125000,127000,127000,127000,350,122,2100.0,33573.717709429155,34.45119992829859,126775.63219994772,49.88857142857143
1778057444,200,,Aggregated,4.900000,0.000000,2100,25000,68000,90000,123000,124000,124000,125000,127000,127000,127000,351,122,2100.0,33806.62775527124,34.45119992829859,126775.63219994772,50.05128205128205
1778057445,200,,Aggregated,5.400000,0.000000,2100,26000,69000,91000,123000,124000,124000,125000,127000,127000,127000,352,122,2100.0,34035.05315255725,34.45119992829859,126775.63219994772,50.21306818181818
1778057446,200,,Aggregated,5.400000,0.000000,2100,28000,71000,92000,123000,124000,124000,125000,127000,127000,127000,354,122,2100.0,34482.240280508726,34.45119992829859,126775.63219994772,50.53107344632768
1778057447,200,,Aggregated,5.500000,0.000000,2100,29000,72000,93000,123000,124000,124000,125000,127000,127000,127000,355,122,2100.0,34706.4181676059,34.45119992829859,126775.63219994772,50.690140845070424
1778057448,200,,Aggregated,5.600000,0.000000,2100,29000,72000,93000,123000,124000,124000,125000,127000,127000,127000,356,122,2100.0,34918.00034578675,34.45119992829859,126775.63219994772,50.84550561797753
1778057449,200,,Aggregated,5.600000,0.000000,2100,29000,72000,93000,123000,124000,124000,125000,127000,127000,127000,356,122,2100.0,34918.00034578675,34.45119992829859,126775.63219994772,50.84550561797753
1778057450,200,,Aggregated,5.600000,0.000000,2100,31000,72000,95000,123000,124000,124000,125000,127000,127000,127000,357,122,2100.0,35127.574152661444,34.45119992829859,126775.63219994772,51.00280112044818
1778057451,200,,Aggregated,3.800000,0.000000,2100,32000,74000,95000,123000,124000,124000,125000,127000,127000,127000,358,122,2100.0,35323.251331564854,34.45119992829859,126775.63219994772,51.15642458100559
1778057452,200,,Aggregated,3.800000,0.000000,2100,32000,74000,95000,123000,124000,124000,125000,127000,127000,127000,358,122,2100.0,35323.251331564854,34.45119992829859,126775.63219994772,51.15642458100559
1778057453,200,,Aggregated,1.600000,0.000000,2100,32000,75000,96000,123000,124000,124000,125000,127000,127000,127000,359,122,2100.0,35518.07052228459,34.45119992829859,126775.63219994772,51.31197771587744
1778057454,200,,Aggregated,1.500000,0.000000,2100,34000,76000,96000,123000,124000,124000,125000,127000,127000,127000,360,122,2100.0,35709.8974547226,34.45119992829859,126775.63219994772,51.46666666666667
1778057455,200,,Aggregated,0.900000,0.000000,2100,35000,76000,96000,123000,124000,124000,125000,127000,127000,127000,361,122,2100.0,35895.13790083164,34.45119992829859,126775.63219994772,51.62049861495845
1778057457,200,,Aggregated,0.900000,0.000000,2100,35000,77000,100000,123000,124000,124000,125000,127000,127000,127000,362,122,2100.0,36071.08361491784,34.45119992829859,126775.63219994772,51.773480662983424
1778057458,200,,Aggregated,0.900000,0.000000,2100,37000,79000,100000,123000,124000,124000,125000,127000,127000,127000,363,122,2100.0,36233.5600184582,34.45119992829859,126775.63219994772,51.925619834710744
1778057459,200,,Aggregated,0.900000,0.000000,2100,37000,79000,100000,123000,124000,124000,125000,127000,127000,127000,363,122,2100.0,36233.5600184582,34.45119992829859,126775.63219994772,51.925619834710744
1778057460,200,,Aggregated,0.800000,0.000000,2100,38000,81000,100000,123000,124000,124000,125000,127000,127000,127000,364,122,2100.0,36394.57458489099,34.45119992829859,126775.63219994772,52.07692307692308
1778057461,200,,Aggregated,0.800000,0.000000,2100,38000,81000,100000,123000,124000,124000,125000,127000,127000,127000,364,122,2100.0,36394.57458489099,34.45119992829859,126775.63219994772,52.07692307692308
1778057462,200,,Aggregated,0.800000,0.000000,2100,38000,81000,100000,123000,124000,124000,125000,127000,127000,127000,364,122,2100.0,36394.57458489099,34.45119992829859,126775.63219994772,52.07692307692308
1778057463,200,,Aggregated,0.800000,0.000000,12000,92000,123000,124000,142000,143000,145000,145000,145000,145000,145000,431,122,12000.0,52716.43778700693,34.45119992829859,144531.58569999505,61.07424593967517
1778057464,200,,Aggregated,0.700000,0.000000,12000,95000,123000,124000,142000,143000,145000,145000,145000,145000,145000,435,122,12000.0,53505.85847793086,34.45119992829859,144970.24479997344,61.52873563218391
1778057465,200,,Aggregated,0.600000,0.000000,14000,93000,123000,124000,142000,143000,145000,145000,145000,145000,145000,436,122,12000.0,53583.11341559612,34.45119992829859,144970.24479997344,61.63073394495413
1778057466,200,,Aggregated,0.600000,0.000000,14000,93000,123000,124000,142000,143000,145000,145000,145000,145000,145000,436,122,12000.0,53583.11341559612,34.45119992829859,144970.24479997344,61.63073394495413
1778057467,200,,Aggregated,7.600000,0.000000,14000,93000,123000,124000,142000,143000,145000,145000,145000,145000,145000,437,122,14000.0,53659.490921738696,34.45119992829859,144970.24479997344,61.734553775743706
1778057468,200,,Aggregated,7.600000,0.000000,15000,93000,123000,124000,142000,143000,145000,145000,145000,145000,145000,438,122,14000.0,53729.98174543328,34.45119992829859,144970.24479997344,61.837899543378995
1778057469,200,,Aggregated,7.500000,0.000000,15000,92000,123000,124000,142000,143000,145000,145000,145000,145000,145000,440,122,15000.0,53860.63333159047,34.45119992829859,144970.24479997344,62.04318181818182
1778057470,200,,Aggregated,7.500000,0.000000,15000,92000,123000,124000,142000,143000,145000,145000,145000,145000,145000,441,122,15000.0,53922.41008299283,34.45119992829859,144970.24479997344,62.14512471655329
1778057471,200,,Aggregated,7.500000,0.000000,16000,92000,123000,124000,142000,143000,145000,145000,145000,145000,145000,442,122,15000.0,53980.58365678711,34.45119992829859,144970.24479997344,62.24660633484163
1778057472,200,,Aggregated,7.600000,0.000000,18000,92000,123000,124000,142000,143000,145000,145000,145000,145000,145000,444,122,16000.0,54090.24148288282,34.45119992829859,144970.24479997344,62.4481981981982
1778057473,200,,Aggregated,7.700000,0.000000,18000,91000,123000,124000,142000,143000,145000,145000,145000,145000,145000,446,122,18000.0,54192.638127802544,34.45119992829859,144970.24479997344,62.64798206278027
1778057474,200,,Aggregated,7.800000,0.000000,19000,91000,123000,124000,142000,143000,145000,145000,145000,145000,145000,448,122,18000.0,54286.5014404015,34.45119992829859,144970.24479997344,62.84375
1778057475,200,,Aggregated,7.800000,0.000000,19000,91000,123000,124000,142000,143000,145000,145000,145000,145000,145000,448,122,18000.0,54286.5014404015,34.45119992829859,144970.24479997344,62.84375
1778057476,200,,Aggregated,1.500000,0.000000,19000,91000,123000,124000,142000,143000,145000,145000,145000,145000,145000,449,122,19000.0,54320.313130957584,34.45119992829859,144970.24479997344,62.942093541202674
1778057477,200,,Aggregated,1.300000,0.000000,19000,91000,123000,124000,142000,143000,145000,145000,145000,145000,145000,450,122,19000.0,54352.896201555486,34.45119992829859,144970.24479997344,63.03777777777778
1778057478,200,,Aggregated,1.300000,0.000000,19000,91000,123000,124000,142000,143000,145000,145000,145000,145000,145000,451,122,19000.0,54384.63985654111,34.45119992829859,144970.24479997344,63.13525498891352
1778057479,200,,Aggregated,1.300000,0.000000,20000,90000,120000,124000,142000,143000,145000,145000,145000,145000,145000,453,122,20000.0,54441.92516269313,34.45119992829859,144970.24479997344,63.328918322295806
1778057480,200,,Aggregated,1.300000,0.000000,20000,90000,120000,124000,142000,143000,145000,145000,145000,145000,145000,453,122,20000.0,54441.92516269313,34.45119992829859,144970.24479997344,63.328918322295806
1778057481,200,,Aggregated,1.200000,0.000000,20000,90000,120000,124000,142000,143000,145000,145000,145000,145000,145000,455,122,20000.0,54486.1151120879,34.45119992829859,144970.24479997344,63.51868131868132
1778057482,200,,Aggregated,1.300000,0.000000,20000,88000,120000,124000,142000,143000,145000,145000,145000,145000,145000,456,122,20000.0,54505.836112500074,34.45119992829859,144970.24479997344,63.6140350877193
1778057483,200,,Aggregated,1.200000,0.000000,20000,88000,120000,124000,142000,143000,145000,145000,145000,145000,145000,457,122,20000.0,54525.18406017515,34.45119992829859,144970.24479997344,63.7089715536105
1778057484,200,,Aggregated,1.300000,0.000000,22000,88000,120000,124000,142000,143000,145000,145000,145000,145000,145000,458,122,20000.0,54538.89484956353,34.45119992829859,144970.24479997344,63.801310043668124
